"Rank","Tier","WSID","Overall","Team","Pos","Bye","Best","Worst","Avg","Std Dev","ADP","vs. ADP"
"1","1","","Saquon Barkley","NYG","RB1","11","1","5","1.7","0.8","1.0","0.0"
"2","1","","Ezekiel Elliott","DAL","RB2","8","1","7","2.1","1.2","2.0","0.0"
"3","1","","Christian McCaffrey","CAR","RB3","7","1","6","3.0","1.1","3.0","0.0"
"4","1","","Alvin Kamara","NO","RB4","9","1","7","3.4","0.9","4.0","0.0"
"5","1","","David Johnson","ARI","RB5","12","3","25","6.8","3.2","6.0","+1.0"
"6","1","","DeAndre Hopkins","HOU","WR1","10","5","17","8.6","2.0","7.0","+1.0"
"7","1","","Melvin Gordon","LAC","RB6","12","3","44","8.9","5.7","5.0","-2.0"
"8","1","","Davante Adams","GB","WR2","11","6","17","9.1","2.0","9.0","+1.0"
"9","2","","Joe Mixon","CIN","RB7","9","4","33","11.3","4.5","13.0","+4.0"
"10","2","","Le'Veon Bell","NYJ","RB8","4","5","41","12.1","6.7","8.0","-2.0"
"11","2","","Julio Jones","ATL","WR3","9","6","29","12.9","3.7","11.0","0.0"
"12","2","","Odell Beckham Jr.","CLE","WR4","7","5","21","13.3","3.4","16.0","+4.0"
"13","2","","James Conner","PIT","RB9","7","5","44","13.8","7.1","10.0","-3.0"
"14","2","","Travis Kelce","KC","TE1","12","9","69","14.0","2.5","15.0","+1.0"
"15","2","","Michael Thomas","NO","WR5","9","7","28","15.4","3.2","12.0","-3.0"
"16","2","","Nick Chubb","CLE","RB10","7","5","43","15.4","8.0","21.0","+5.0"
"17","2","","JuJu Smith-Schuster","PIT","WR6","7","7","35","17.3","4.6","17.0","0.0"
"18","2","","Todd Gurley","LAR","RB11","9","4","46","19.0","10.2","14.0","-4.0"
"19","2","","Dalvin Cook","MIN","RB12","12","6","54","20.2","6.7","19.0","0.0"
"20","2","","Mike Evans","TB","WR7","7","12","31","21.1","2.9","18.0","-2.0"
"21","2","","George Kittle","SF","TE2","4","13","78","22.9","7.6","35.0","+14.0"
"22","2","","Antonio Brown","OAK","WR8","6","14","34","23.0","3.6","20.0","-2.0"
"23","3","","T.Y. Hilton","IND","WR9","6","21","45","27.3","2.9","25.0","+2.0"
"24","3","","Marlon Mack","IND","RB13","6","10","94","27.5","8.3","32.0","+8.0"
"25","3","","Keenan Allen","LAC","WR10","12","21","35","28.6","2.7","27.0","+2.0"
"26","3","","Amari Cooper","DAL","WR11","8","20","42","29.2","3.8","34.0","+8.0"
"27","3","","A.J. Green","CIN","WR12","9","9","50","29.4","5.7","33.0","+6.0"
"28","3","","Damien Williams","KC","RB14","12","6","157","30.7","14.1","22.0","-6.0"
"29","3","","Adam Thielen","MIN","WR13","12","18","53","32.7","4.4","26.0","-3.0"
"30","3","","Aaron Jones","GB","RB15","11","6","62","32.7","8.1","30.0","0.0"
"31","3","","Derrick Henry","TEN","RB16","11","12","68","32.9","9.8","31.0","0.0"
"32","3","","Leonard Fournette","JAC","RB17","10","16","58","33.0","7.9","24.0","-8.0"
"33","3","","Stefon Diggs","MIN","WR14","12","21","52","34.2","4.3","36.0","+3.0"
"34","3","","Devonta Freeman","ATL","RB18","9","12","71","36.0","7.1","29.0","-5.0"
"35","3","","Patrick Mahomes","KC","QB1","12","22","84","36.3","15.0","23.0","-12.0"
"36","3","","Brandin Cooks","LAR","WR15","9","28","66","36.3","5.5","43.0","+7.0"
"37","4","","Kerryon Johnson","DET","RB19","5","20","77","40.7","10.1","38.0","+1.0"
"38","4","","Robert Woods","LAR","WR16","9","28","85","40.7","9.9","44.0","+6.0"
"39","4","","Kenny Golladay","DET","WR17","5","24","93","41.1","7.4","45.0","+6.0"
"40","4","","Zach Ertz","PHI","TE3","10","19","81","41.1","17.2","28.0","-12.0"
"41","4","","Julian Edelman","NE","WR18","10","21","105","41.7","8.9","40.0","-1.0"
"42","4","","O.J. Howard","TB","TE4","7","17","81","43.7","20.1","56.0","+14.0"
"43","4","","Sony Michel","NE","RB20","10","15","102","44.9","10.9","39.0","-4.0"
"44","4","","Tyler Lockett","SEA","WR19","11","21","78","45.7","9.7","54.0","+10.0"
"45","4","","Josh Jacobs","OAK","RB21","6","12","270","47.4","18.7","37.0","-8.0"
"46","4","","Chris Godwin","TB","WR20","7","28","93","48.5","9.4","50.0","+4.0"
"47","4","","Mark Ingram","BAL","RB22","8","15","86","49.2","8.6","41.0","-6.0"
"48","4","","Cooper Kupp","LAR","WR21","9","35","76","49.3","8.3","48.0","0.0"
"49","4","","Andrew Luck","IND","QB2","6","22","82","49.4","13.2","46.0","-3.0"
"50","4","","Phillip Lindsay","DEN","RB23","10","20","129","50.7","9.4","42.0","-8.0"
"51","4","","Deshaun Watson","HOU","QB3","10","20","76","51.4","12.5","49.0","-2.0"
"52","4","","Chris Carson","SEA","RB24","11","25","102","52.2","14.0","47.0","-5.0"
"53","4","","Kenyan Drake","MIA","RB25","5","26","135","52.5","10.8","53.0","0.0"
"54","5","","D.J. Moore","CAR","WR22","7","30","85","55.6","9.0","65.0","+11.0"
"55","5","","Aaron Rodgers","GB","QB4","11","37","90","55.8","7.5","55.0","0.0"
"56","5","","Alshon Jeffery","PHI","WR23","10","34","102","56.8","12.4","74.0","+18.0"
"57","5","","Sammy Watkins","KC","WR24","12","30","101","58.4","13.6","63.0","+6.0"
"58","5","","Calvin Ridley","ATL","WR25","9","35","76","59.5","9.2","57.0","-1.0"
"59","5","","Allen Robinson","CHI","WR26","6","37","145","60.3","14.4","79.0","+20.0"
"60","5","","David Montgomery","CHI","RB26","6","15","261","61.0","29.5","51.0","-9.0"
"61","5","","Mike Williams","LAC","WR27","12","40","84","62.9","10.4","59.0","-2.0"
"62","5","","Lamar Miller","HOU","RB27","10","44","153","64.1","12.0","70.0","+8.0"
"63","5","","Robby Anderson","NYJ","WR28","4","28","107","64.7","12.2","80.0","+17.0"
"64","5","","Hunter Henry","LAC","TE5","12","19","120","67.5","14.1","62.0","-2.0"
"65","5","","Tevin Coleman","SF","RB28","4","46","102","68.8","11.8","69.0","+4.0"
"66","5","","Derrius Guice","WAS","RB29","10","26","117","69.0","15.0","64.0","-2.0"
"67","5","","Baker Mayfield","CLE","QB5","7","57","125","69.5","10.0","67.0","0.0"
"68","5","","Tyler Boyd","CIN","WR29","9","45","130","70.1","11.4","68.0","0.0"
"69","5","","Jarvis Landry","CLE","WR30","7","48","128","73.1","12.5","66.0","-3.0"
"70","5","","Evan Engram","NYG","TE6","11","23","124","73.4","14.2","58.0","-12.0"
"71","5","","Rashaad Penny","SEA","RB30","11","43","119","74.9","13.1","78.0","+7.0"
"72","5","","Matt Ryan","ATL","QB6","9","54","116","75.0","13.0","71.0","-1.0"
"73","5","","Latavius Murray","NO","RB31","9","44","145","76.6","20.0","84.0","+11.0"
"74","5","","Corey Davis","TEN","WR31","11","44","134","77.3","15.4","93.0","+19.0"
"75","5","","Dante Pettis","SF","WR32","4","28","145","77.5","12.1","85.0","+10.0"
"76","5","","Tarik Cohen","CHI","RB32","6","26","127","77.6","16.1","61.0","-15.0"
"77","5","","Marvin Jones","DET","WR33","5","49","178","78.6","12.9","97.0","+20.0"
"78","5","","Will Fuller","HOU","WR34","10","60","151","79.5","9.4","82.0","+4.0"
"79","5","","Russell Wilson","SEA","QB7","11","22","158","79.9","16.3","76.0","-3.0"
"80","5","","James White","NE","RB33","10","43","137","80.9","17.3","60.0","-20.0"
"81","6","","Cam Newton","CAR","QB8","7","57","142","84.2","13.2","89.0","+8.0"
"82","6","","Christian Kirk","ARI","WR35","12","49","149","87.5","15.4","87.0","+5.0"
"83","6","","Carson Wentz","PHI","QB9","10","57","219","88.3","16.0","95.0","+12.0"
"84","6","","Drew Brees","NO","QB10","9","59","150","88.6","17.4","77.0","-7.0"
"85","6","","Jared Cook","NO","TE7","9","21","210","89.4","20.9","73.0","-12.0"
"86","6","","Courtland Sutton","DEN","WR36","10","60","113","89.7","11.5","103.0","+17.0"
"87","6","","Jordan Howard","PHI","RB34","10","55","162","89.7","22.8","83.0","-4.0"
"88","6","","Sterling Shepard","NYG","WR37","11","37","138","90.0","13.6","92.0","+4.0"
"89","6","","Eric Ebron","IND","TE8","6","53","191","90.8","17.9","72.0","-17.0"
"90","6","","Royce Freeman","DEN","RB35","10","36","145","92.4","16.1","94.0","+4.0"
"91","6","","Golden Tate","NYG","WR38","11","52","158","96.1","14.6","108.0","+17.0"
"92","6","","Jameis Winston","TB","QB11","7","67","121","96.3","13.3","125.0","+33.0"
"93","6","","David Njoku","CLE","TE9","7","69","251","97.1","16.6","88.0","-5.0"
"94","6","","LeSean McCoy","BUF","RB36","6","56","187","98.5","21.2","91.0","-3.0"
"95","6","","Dede Westbrook","JAC","WR39","10","52","167","98.7","17.0","106.0","+11.0"
"96","6","","Curtis Samuel","CAR","WR40","7","75","226","99.2","17.9","126.0","+30.0"
"97","6","","Jared Goff","LAR","QB12","9","61","147","100.7","12.7","99.0","+2.0"
"98","6","","Larry Fitzgerald","ARI","WR41","12","56","226","104.9","15.2","101.0","+3.0"
"99","7","","Anthony Miller","CHI","WR42","6","75","199","109.0","20.6","157.0","+58.0"
"100","7","","Ben Roethlisberger","PIT","QB13","7","75","168","110.2","14.9","115.0","+15.0"
"101","7","","Keke Coutee","HOU","WR43","10","68","168","110.3","19.6","137.0","+36.0"
"102","7","","Dak Prescott","DAL","QB14","8","59","251","111.0","16.0","132.0","+30.0"
"103","7","","Kyler Murray","ARI","QB15","12","64","266","111.3","26.6","102.0","-1.0"
"104","7","","Vance McDonald","PIT","TE10","7","53","193","111.7","22.9","86.0","-18.0"
"105","7","","Ronald Jones II","TB","RB37","7","12","224","112.3","26.8","100.0","-5.0"
"106","7","","Jerick McKinnon","SF","RB38","4","55","201","113.0","22.0","104.0","-2.0"
"107","7","","Philip Rivers","LAC","QB16","12","67","189","115.4","17.2","110.0","+3.0"
"108","7","","Geronimo Allison","GB","WR44","11","74","239","116.6","28.2","118.0","+10.0"
"109","7","","Miles Sanders","PHI","RB39","10","51","293","108.0","49.6","75.0","-34.0"
"110","7","","Austin Ekeler","LAC","RB40","12","82","201","118.5","18.4","120.0","+10.0"
"111","7","","DeSean Jackson","PHI","WR45","10","85","228","119.9","21.7","130.0","+19.0"
"112","7","","Lamar Jackson","BAL","QB17","8","67","217","120.6","21.3","139.0","+27.0"
"113","7","","Michael Gallup","DAL","WR46","8","79","212","121.7","26.0","165.0","+52.0"
"114","7","","Mitch Trubisky","CHI","QB18","6","64","181","124.2","15.3","144.0","+30.0"
"115","7","","Austin Hooper","ATL","TE11","9","53","203","124.6","22.5","119.0","+4.0"
"116","7","","Trey Burton","CHI","TE12","6","69","236","126.3","18.6","134.0","+18.0"
"117","7","","Ito Smith","ATL","RB41","9","68","271","127.5","18.2","133.0","+16.0"
"118","7","","Kirk Cousins","MIN","QB19","12","77","200","130.3","18.6","148.0","+30.0"
"119","7","","Devin Funchess","IND","WR47","6","63","205","130.3","24.5","123.0","+4.0"
"120","7","","Josh Allen","BUF","QB20","6","92","187","131.1","17.2","159.0","+39.0"
"121","7","","Kenny Stills","MIA","WR48","5","65","195","131.5","22.1","196.0","+75.0"
"122","7","","Dion Lewis","TEN","RB42","11","92","196","131.6","21.3","138.0","+16.0"
"123","7","","Marquez Valdes-Scantling","GB","WR49","11","48","214","132.5","27.6","128.0","+5.0"
"124","7","","Matt Breida","SF","RB43","4","58","292","133.3","39.3","151.0","+27.0"
"125","7","","Robert Foster","BUF","WR50","6","74","380","133.5","30.1","221.0","+96.0"
"126","7","","Delanie Walker","TEN","TE13","11","81","340","133.8","26.5","127.0","+1.0"
"127","7","","John Brown","BUF","WR51","6","50","184","133.8","21.8","189.0","+62.0"
"128","7","","D'Onta Foreman","HOU","RB44","10","69","264","133.8","28.6","121.0","-7.0"
"129","7","","James Washington","PIT","WR52","7","40","258","134.0","35.8","122.0","-7.0"
"130","7","","Darrell Henderson","LAR","RB45","9","41","404","129.6","69.2","81.0","-49.0"
"131","7","","N'Keal Harry","NE","WR53","10","38","329","130.5","48.7","98.0","-33.0"
"132","7","","Nyheim Hines","IND","RB46","6","86","294","135.1","19.9","160.0","+28.0"
"133","7","","Adrian Peterson","WAS","RB47","10","71","308","135.7","35.9","117.0","-16.0"
"134","7","","Tom Brady","NE","QB21","10","75","182","136.2","16.9","116.0","-18.0"
"135","7","","Jimmy Garoppolo","SF","QB22","4","98","235","137.3","17.4","152.0","+17.0"
"136","7","","Peyton Barber","TB","RB48","7","58","246","138.5","36.2","107.0","-29.0"
"137","7","","Carlos Hyde","KC","RB49","12","47","283","140.1","33.7","111.0","-26.0"
"138","7","","Tyreek Hill","KC","WR54","12","9","252","100.7","65.2","52.0","-86.0"
"139","7","","Chris Herndon IV","NYJ","TE14","4","73","233","142.4","26.1","158.0","+19.0"
"140","8","","Emmanuel Sanders","DEN","WR55","10","71","215","140.2","31.7","112.0","-28.0"
"141","8","","DaeSean Hamilton","DEN","WR56","10","93","230","141.7","29.5","200.0","+59.0"
"142","8","","Tyrell Williams","OAK","WR57","6","67","279","148.9","31.8","154.0","+12.0"
"143","8","","Jack Doyle","IND","TE15","6","81","321","150.1","30.3","209.0","+66.0"
"144","8","","Marquise Goodwin","SF","WR58","4","93","252","153.6","36.2","181.0","+37.0"
"145","8","","Kareem Hunt","CLE","RB50","7","58","295","151.5","36.2","96.0","-49.0"
"146","8","","Donte Moncrief","PIT","WR59","7","66","252","156.2","33.3","161.0","+15.0"
"147","8","","Kalen Ballage","MIA","RB51","5","91","263","156.8","27.6","172.0","+25.0"
"148","8","","D.K. Metcalf","SEA","WR60","11","81","390","153.7","52.4","109.0","-39.0"
"149","8","","Duke Johnson","CLE","RB52","7","119","299","158.6","24.5","166.0","+17.0"
"150","8","","Jordan Reed","WAS","TE16","10","120","337","159.2","35.2","162.0","+12.0"
"151","8","","Kyle Rudolph","MIN","TE17","12","114","251","156.5","24.9","142.0","-9.0"
"152","8","","Greg Olsen","CAR","TE18","7","94","344","161.9","38.9","155.0","+3.0"
"153","8","","Jimmy Graham","GB","TE19","11","73","290","163.3","36.7","149.0","-4.0"
"154","8","","Jamison Crowder","NYJ","WR61","4","93","233","155.8","26.3","219.0","+65.0"
"155","8","","C.J. Anderson","DET","RB53","5","100","297","161.9","32.0","176.0","+21.0"
"156","8","","Devante Parker","MIA","WR62","5","103","225","166.1","25.7","192.0","+36.0"
"157","8","","Jamaal Williams","GB","RB54","11","119","289","168.8","35.0","168.0","+11.0"
"158","8","","Sam Darnold","NYJ","QB23","4","94","242","161.8","21.9","183.0","+25.0"
"159","8","","Matthew Stafford","DET","QB24","5","110","197","158.0","17.4","171.0","+12.0"
"160","8","","Derek Carr","OAK","QB25","6","110","240","167.9","21.5","174.0","+14.0"
"161","8","","Mohamed Sanu","ATL","WR63","9","75","286","174.2","26.1","212.0","+51.0"
"162","8","","Jaylen Samuels","PIT","RB55","7","82","248","164.3","38.7","114.0","-48.0"
"163","8","","Tre'Quan Smith","NO","WR64","9","99","224","168.8","23.5","177.0","+14.0"
"164","8","","Mark Andrews","BAL","TE20","8","97","338","166.4","43.5","185.0","+21.0"
"165","8","","Albert Wilson","MIA","WR65","5","79","248","171.2","31.3","225.0","+60.0"
"166","8","","Mike Davis","CHI","RB56","6","91","295","177.3","31.9","170.0","+4.0"
"167","8","","Marqise Lee","JAC","WR66","10","105","277","181.6","27.2","234.0","+67.0"
"168","8","","Quincy Enunwa","NYJ","WR67","4","101","279","179.1","28.7","260.0","+92.0"
"169","8","","Mecole Hardman","KC","WR68","12","74","399","171.4","45.3","113.0","-56.0"
"170","8","","Damien Harris","NE","RB57","10","67","412","173.4","68.0","143.0","-27.0"
"171","8","","Parris Campbell","IND","WR69","6","80","340","173.6","42.4","150.0","-21.0"
"172","8","","Adam Humphries","TEN","WR70","11","89","255","175.2","34.1","214.0","+42.0"
"173","8","","David Moore","SEA","WR71","11","99","226","183.2","25.4","253.0","+80.0"
"174","8","","Andy Dalton","CIN","QB26","9","123","260","175.5","19.6","230.0","+56.0"
"175","8","","Chicago (CHI)","","DST1","6","121","303","146.0","25.5","90.0","-85.0"
"176","8","","T.J. Hockenson","DET","TE21","5","81","378","183.4","45.3","140.0","-36.0"
"177","9","","Zay Jones","BUF","WR72","6","87","271","188.1","31.7","224.0","+47.0"
"178","9","","Marcus Mariota","TEN","QB27","11","142","254","189.3","22.3","215.0","+37.0"
"179","9","","Antonio Callaway","CLE","WR73","7","112","271","186.0","28.4","243.0","+64.0"
"180","9","","Dallas Goedert","PHI","TE22","10","97","307","182.1","36.0","184.0","+4.0"
"181","9","","Chris Thompson","WAS","RB58","10","128","323","193.7","37.1","213.0","+32.0"
"182","9","","Taylor Gabriel","CHI","WR74","6","125","282","196.6","23.0","240.0","+58.0"
"183","9","","Jacksonville (JAC)","","DST2","10","144","304","164.9","22.6","124.0","-59.0"
"184","9","","Nick Foles","JAC","QB28","10","134","254","194.7","23.0","208.0","+24.0"
"185","9","","Devin Singletary","BUF","RB59","6","91","424","187.0","54.7","164.0","-21.0"
"186","9","","Los Angeles (LAR)","","DST3","9","143","305","171.6","25.1","105.0","-81.0"
"187","9","","Marquise Brown","BAL","WR75","8","65","301","185.3","40.8","178.0","-9.0"
"188","9","","Noah Fant","DEN","TE23","10","81","351","197.4","52.4","167.0","-21.0"
"189","9","","Baltimore (BAL)","","DST4","8","137","306","173.4","25.9","129.0","-60.0"
"190","9","","A.J. Brown","TEN","WR76","11","79","400","191.2","37.2","223.0","+33.0"
"191","9","","Gus Edwards","BAL","RB60","8","104","342","191.6","50.6","229.0","+38.0"
"192","9","","Elijah McGuire","NYJ","RB61","4","117","327","200.2","43.1","263.0","+71.0"
"193","9","","Deebo Samuel","SF","WR77","4","101","293","184.6","38.4","190.0","-3.0"
"194","9","","Minnesota (MIN)","","DST5","12","151","307","176.1","23.8","141.0","-53.0"
"195","9","","Giovani Bernard","CIN","RB62","9","136","354","205.8","40.3","193.0","-2.0"
"196","9","","Mike Gesicki","MIA","TE24","5","126","341","202.4","36.4","261.0","+65.0"
"197","9","","Houston (HOU)","","DST6","10","150","309","182.8","24.9","146.0","-51.0"
"198","9","","Justice Hill","BAL","RB63","8","55","380","203.6","69.2","169.0","-29.0"
"199","9","","Rex Burkhead","NE","RB64","10","102","337","203.9","49.8","236.0","+37.0"
"200","9","","Ted Ginn","NO","WR78","9","108","286","211.0","28.5","237.0","+37.0"
"201","9","","Los Angeles (LAC)","","DST7","12","132","411","182.9","40.0","131.0","-70.0"
"202","9","","John Ross","CIN","WR79","9","111","280","200.7","28.1","276.0","+74.0"
"203","9","","Randall Cobb","DAL","WR80","8","130","290","216.3","25.0","202.0","-1.0"
"204","9","","Kenneth Dixon","BAL","RB65","8","102","325","191.4","48.6","290.0","+86.0"
"205","9","","Jalen Richard","OAK","RB66","6","91","358","207.8","45.7","217.0","+12.0"
"206","9","","Cleveland (CLE)","","DST8","7","162","312","192.1","24.5","147.0","-59.0"
"207","9","","Greg Zuerlein","LAR","K1","9","164","311","185.7","18.4","135.0","-72.0"
"208","9","","Nelson Agholor","PHI","WR81","10","113","258","211.6","23.0","233.0","+25.0"
"209","9","","Chase Edmonds","ARI","RB67","12","117","406","218.0","44.2","250.0","+41.0"
"210","9","","Josh Doctson","WAS","WR82","10","112","271","215.9","28.0","269.0","+59.0"
"211","9","","Frank Gore","BUF","RB68","6","135","303","212.7","35.5","256.0","+45.0"
"212","9","","Andy Isabella","ARI","WR83","12","105","288","202.3","40.1","199.0","-13.0"
"213","9","","Justin Tucker","BAL","K2","8","172","315","196.6","19.2","136.0","-77.0"
"214","9","","Paul Richardson","WAS","WR84","10","128","315","218.8","29.9","297.0","+83.0"
"215","9","","New Orleans (NO)","","DST9","9","159","316","198.2","23.7","175.0","-40.0"
"216","9","","Stephen Gostkowski","NE","K3","10","181","317","204.8","20.9","163.0","-53.0"
"217","9","","Gerald Everett","LAR","TE25","9","152","307","217.4","35.2","270.0","+53.0"
"218","9","","Harrison Butker","KC","K4","12","177","318","201.5","21.6","145.0","-73.0"
"219","9","","Denver (DEN)","","DST10","10","153","319","203.5","21.1","173.0","-46.0"
"220","9","","D.J. Chark","JAC","WR85","10","99","269","229.0","23.2","291.0","+71.0"
"221","10","","Tyler Eifert","CIN","TE26","9","147","323","222.2","35.6","227.0","+6.0"
"222","10","","Equanimeous St. Brown","GB","WR86","11","124","356","226.3","30.2","287.0","+65.0"
"223","10","","Buffalo (BUF)","","DST11","6","163","323","215.3","23.1","226.0","+3.0"
"224","10","","T.J. Yeldon","BUF","RB69","6","111","348","223.2","44.4","232.0","+8.0"
"225","10","","Malcolm Brown","LAR","RB70","9","124","367","220.4","40.9","211.0","-14.0"
"226","10","","Wil Lutz","NO","K5","9","191","321","215.9","20.3","156.0","-70.0"
"227","10","","Dallas (DAL)","","DST12","8","168","324","216.5","20.5","179.0","-48.0"
"228","10","","New England (NE)","","DST13","10","177","322","213.4","17.0","182.0","-46.0"
"229","10","","Joe Flacco","DEN","QB29","10","180","296","237.7","26.6","235.0","+6.0"
"230","10","","Trey Quinn","WAS","WR87","10","125","346","224.0","47.0","251.0","+21.0"
"231","10","","Josh Reynolds","LAR","WR88","9","176","293","229.9","22.3","379.0","+148.0"
"232","10","","Seattle (SEA)","","DST14","11","181","326","226.2","19.2","228.0","-4.0"
"233","10","","Alexander Mattison","MIN","RB71","12","91","352","210.1","60.2","180.0","-53.0"
"234","10","","Philadelphia (PHI)","","DST15","10","162","327","227.8","22.1","186.0","-48.0"
"235","10","","Eli Manning","NYG","QB30","11","156","295","240.0","21.8","238.0","+3.0"
"236","10","","Justin Jackson","LAC","RB72","12","126","344","237.4","43.7","268.0","+32.0"
"237","10","","Mason Crosby","GB","K6","11","201","328","226.4","19.1","188.0","-49.0"
"238","10","","Theo Riddick","DET","RB73","5","133","393","251.7","48.9","245.0","+7.0"
"239","10","","Willie Snead","BAL","WR89","8","127","280","237.4","27.4","279.0","+40.0"
"240","10","","Jake Elliott","PHI","K7","10","203","329","231.7","18.5","195.0","-45.0"
"241","10","","Pittsburgh (PIT)","","DST16","7","140","331","239.3","27.1","197.0","-44.0"
"242","10","","Dwayne Haskins","WAS","QB31","10","146","330","247.4","37.7","220.0","-22.0"
"243","10","","Matt Prater","DET","K8","5","207","335","233.8","19.7","204.0","-39.0"
"244","10","","Ka'imi Fairbairn","HOU","K9","10","185","333","221.9","22.4","153.0","-91.0"
"245","10","","Cameron Brate","TB","TE27","7","136","358","250.1","39.7","273.0","+28.0"
"246","10","","Demaryius Thomas","NE","WR90","10","102","343","236.4","37.5","191.0","-55.0"
"247","10","","Josh Rosen","MIA","QB32","5","183","295","250.7","27.0","255.0","+8.0"
"248","10","","Brett Maher","DAL","K10","8","212","334","237.4","21.7","201.0","-47.0"
"249","10","","Phillip Dorsett","NE","WR91","10","150","324","249.5","31.1","283.0","+34.0"
"250","10","","Danny Amendola","DET","WR92","5","154","329","249.7","35.0","264.0","+14.0"
"251","10","","Tennessee (TEN)","","DST17","11","204","336","233.8","21.8","246.0","-5.0"
"252","10","","Robbie Gould","SF","K11","4","217","337","241.5","20.5","194.0","-58.0"
"253","10","","J.J. Arcega-Whiteside","PHI","WR93","10","158","336","237.8","40.8","281.0","+28.0"
"254","10","","Doug Martin","OAK","RB74","6","136","339","237.9","43.3","262.0","+8.0"
"255","10","","Kansas City (KC)","","DST18","12","175","339","249.4","29.4","207.0","-48.0"
"256","10","","Hakeem Butler","ARI","WR94","12","143","284","235.0","33.7","280.0","+24.0"
"257","10","","Hayden Hurst","BAL","TE28","8","186","377","261.3","37.9","308.0","+51.0"
"258","10","","Chris Hogan","CAR","WR95","7","160","324","255.1","26.6","284.0","+26.0"
"259","10","","Ian Thomas","CAR","TE29","7","139","378","255.5","44.1","288.0","+29.0"
"260","10","","Ryquell Armstead","JAC","RB75","10","119","385","248.7","61.2","218.0","-42.0"
"261","10","","Keelan Cole","JAC","WR96","10","107","374","245.9","30.7","324.0","+63.0"
"262","10","","Michael Badgley","LAC","K12","12","212","338","246.9","21.1","203.0","-59.0"
"263","10","","Indianapolis (IND)","","DST19","6","188","341","250.8","26.5","206.0","-57.0"
"264","10","","Adam Vinatieri","IND","K13","6","220","340","251.1","17.0","187.0","-77.0"
"265","10","","Taywan Taylor","TEN","WR97","11","172","412","251.9","42.1","",""
"266","10","","Ricky Seals-Jones","ARI","TE30","12","144","361","260.3","40.4","306.0","+40.0"
"267","10","","Cole Beasley","BUF","WR98","6","176","304","255.9","27.3","248.0","-19.0"
"268","10","","Spencer Ware","IND","RB76","6","135","384","258.6","38.0","328.0","+60.0"
"269","10","","Corey Clement","PHI","RB77","10","179","348","258.1","33.6","285.0","+16.0"
"270","10","","Carolina (CAR)","","DST20","7","189","383","264.5","31.7","239.0","-31.0"
"271","10","","Jason Myers","SEA","K14","11","200","343","261.4","19.3","222.0","-49.0"
"272","10","","Chris Conley","JAC","WR99","10","161","360","254.9","29.5","317.0","+45.0"
"273","10","","Aldrick Rosas","NYG","K15","11","199","344","269.5","19.6","242.0","-31.0"
"274","10","","Graham Gano","CAR","K16","7","222","346","259.0","19.6","252.0","-22.0"
"275","10","","Dan Bailey","MIN","K17","12","227","347","272.0","20.6","216.0","-59.0"
"276","10","","Benny Snell Jr.","PIT","RB78","7","95","384","262.4","50.4","266.0","-10.0"
"277","10","","Josh Adams","PHI","RB79","10","117","386","253.8","60.5","401.0","+124.0"
"278","10","","Green Bay (GB)","","DST21","11","169","351","276.5","35.0","244.0","-34.0"
"279","10","","Breshad Perriman","TB","WR100","7","167","322","268.2","33.2","363.0","+84.0"
"280","10","","Jordan Wilkins","IND","RB80","6","97","416","275.4","43.3","371.0","+91.0"
"281","10","","Atlanta (ATL)","","DST22","9","193","356","276.5","33.8","258.0","-23.0"
"282","10","","Ryan Fitzpatrick","MIA","QB33","5","168","334","274.6","29.9","292.0","+10.0"
"283","10","","Chris Boswell","PIT","K18","7","194","348","278.7","21.4","257.0","-26.0"
"284","11","","Ryan Succop","TEN","K19","11","195","355","279.6","19.6","254.0","-30.0"
"285","11","","Cordarrelle Patterson","CHI","WR101","6","184","341","275.1","25.4","364.0","+79.0"
"286","11","","Jason Witten","DAL","TE31","8","124","351","260.5","51.9","231.0","-55.0"
"287","11","","Case Keenum","WAS","QB34","10","240","308","281.2","17.8","286.0","-1.0"
"288","11","","Demarcus Robinson","KC","WR102","12","130","400","254.8","56.7","241.0","-47.0"
"289","11","","Devontae Booker","DEN","RB81","10","155","374","286.8","45.1","349.0","+60.0"
"290","11","","Arizona (ARI)","","DST23","12","174","381","293.4","35.9","311.0","+21.0"
"291","11","","Rashard Higgins","CLE","WR103","7","212","343","278.8","26.5","388.0","+97.0"
"292","11","","Brandon McManus","DEN","K20","10","197","360","285.4","21.2","289.0","-3.0"
"293","11","","Nick Vannett","SEA","TE32","11","174","408","289.4","40.2","376.0","+83.0"
"294","11","","Washington (WAS)","","DST24","10","155","361","301.1","39.9","272.0","-22.0"
"295","11","","Jake Kumerow","GB","WR104","11","202","409","287.4","37.7","362.0","+67.0"
"296","11","","Greg Joseph","CLE","K21","7","180","363","290.3","29.6","329.0","+33.0"
"297","11","","Jonnu Smith","TEN","TE33","11","171","389","295.4","34.8","353.0","+56.0"
"298","11","","Keith Kirkwood","NO","WR105","9","219","416","292.2","36.8","395.0","+97.0"
"299","11","","Cameron Meredith","NO","WR106","9","193","411","285.8","32.8","402.0","+103.0"
"300","11","","Josh Lambo","JAC","K22","10","188","362","289.7","24.8","282.0","-18.0"
"301","11","","Deon Cain","IND","WR107","6","202","374","286.5","39.9","303.0","+2.0"
"302","11","","Charles Clay","ARI","TE34","12","185","362","298.2","30.7","347.0","+45.0"
"303","11","","Alfred Blue","JAC","RB82","10","159","361","284.5","50.3","277.0","-26.0"
"304","11","","Ryan Grant","OAK","WR108","6","235","409","284.8","29.6","",""
"305","11","","Ryan Tannehill","TEN","QB35","11","248","332","292.8","17.3","383.0","+78.0"
"306","11","","Steven Hauschka","BUF","K23","6","190","366","302.5","24.6","304.0","-2.0"
"307","11","","Detroit (DET)","","DST25","5","173","367","312.4","31.5","275.0","-32.0"
"308","11","","Wendell Smallwood","PHI","RB83","10","187","375","302.0","31.2","339.0","+31.0"
"309","11","","Daniel Carlson","OAK","K24","6","187","370","305.7","23.2","316.0","+7.0"
"310","11","","Jay Ajayi","FA","RB84","","95","390","256.3","66.8","259.0","-51.0"
"311","11","","John Kelly","LAR","RB85","9","229","410","305.3","35.0","",""
"312","11","","Ty Montgomery","NYJ","RB86","4","179","417","312.1","42.7","325.0","+13.0"
"313","11","","Cairo Santos","TB","K25","7","195","369","307.6","21.3","",""
"314","11","","Michael Crabtree","FA","WR109","","153","343","241.1","43.2","399.0","+85.0"
"315","11","","New York (NYJ)","","DST26","4","181","340","296.4","34.5","247.0","-68.0"
"316","11","","Wayne Gallman","NYG","RB87","11","225","377","311.8","25.2","341.0","+25.0"
"317","11","","New York (NYG)","","DST27","11","164","395","327.4","38.1","294.0","-23.0"
"318","11","","Giorgio Tavecchio","ATL","K26","9","221","371","290.6","31.0","198.0","-120.0"
"319","11","","Kendrick Bourne","SF","WR110","4","203","377","300.0","33.9","",""
"320","11","","J'Mon Moore","GB","WR111","11","244","400","308.4","30.7","",""
"321","11","","Irv Smith Jr.","MIN","TE35","12","167","365","286.9","53.6","249.0","-72.0"
"322","11","","Diontae Johnson","PIT","WR112","7","167","365","272.3","45.1","320.0","-2.0"
"323","11","","Mike Weber","DAL","RB88","8","219","431","319.5","35.7","",""
"324","11","","Jake Butt","DEN","TE36","10","163","424","312.7","38.2","",""
"325","11","","Rod Smith","NYG","RB89","11","244","420","324.1","29.8","",""
"326","11","","Cameron Artis-Payne","CAR","RB90","7","188","382","322.0","35.8","377.0","+51.0"
"327","11","","Will Dissly","SEA","TE37","11","146","396","296.3","62.1","322.0","-5.0"
"328","11","","Darwin Thompson","KC","RB91","12","122","385","285.8","74.1","210.0","-118.0"
"329","11","","Bilal Powell","NYJ","RB92","4","169","367","313.4","35.4","318.0","-11.0"
"330","11","","Travis Benjamin","LAC","WR113","12","156","422","262.6","64.6","359.0","+29.0"
"331","12","","San Francisco (SF)","","DST28","4","204","419","329.2","37.9","271.0","-60.0"
"332","12","","Dexter Williams","GB","RB93","11","157","417","309.6","56.3","312.0","-20.0"
"333","12","","Myles Gaskin","MIA","RB94","5","123","414","323.2","43.9","",""
"334","12","","Jeff Wilson","SF","RB95","4","257","435","319.9","36.0","",""
"335","12","","Tony Pollard","DAL","RB96","8","151","419","270.2","71.3","265.0","-70.0"
"336","12","","Matt Bryant","FA","K27","","221","361","279.6","32.5","",""
"337","12","","Ameer Abdullah","MIN","RB97","12","272","426","332.2","31.7","",""
"338","12","","Terry McLaurin","WAS","WR114","10","89","359","268.6","52.4","336.0","-2.0"
"339","12","","Miles Boykin","BAL","WR115","8","138","369","285.8","49.4","334.0","-5.0"
"340","12","","Miami (MIA)","","DST29","5","141","386","319.8","56.9","315.0","-25.0"
"341","12","","Jordan Thomas","HOU","TE38","10","205","426","315.9","55.5","309.0","-32.0"
"342","12","","Chester Rogers","IND","WR116","6","225","384","311.2","38.1","393.0","+51.0"
"343","12","","Jace Sternberger","GB","TE39","11","178","410","300.8","61.1","386.0","+43.0"
"344","12","","Dustin Hopkins","WAS","K28","10","284","383","321.6","19.1","310.0","-34.0"
"345","12","","Zach Zenner","DET","RB98","5","285","421","340.9","30.9","",""
"346","12","","Daniel Jones","NYG","QB36","11","180","369","287.2","34.2","295.0","-51.0"
"347","12","","Luke Willson","OAK","TE40","6","181","373","321.3","48.5","",""
"348","12","","Tampa Bay (TB)","","DST30","7","155","417","337.0","44.7","301.0","-47.0"
"349","12","","Trent Taylor","SF","WR117","4","205","396","309.4","41.2","",""
"350","12","","Tim Patrick","DEN","WR118","10","158","395","303.4","41.6","369.0","+19.0"
"351","12","","Marcus Murphy","BUF","RB99","6","219","391","330.7","31.3","",""
"352","12","","Justin Watson","TB","WR119","7","202","379","291.9","48.8","",""
"353","12","","Darren Waller","OAK","TE41","6","192","401","283.8","59.9","298.0","-55.0"
"354","12","","Trenton Cannon","NYJ","RB100","4","212","429","350.3","35.6","403.0","+49.0"
"355","12","","C.J. Uzomah","CIN","TE42","9","247","400","329.0","33.5","302.0","-53.0"
"356","12","","Chandler Catanzaro","NYJ","K29","4","258","389","319.5","24.3","299.0","-57.0"
"357","12","","Jalen Hurd","SF","WR120","4","221","381","301.6","42.8","348.0","-9.0"
"358","12","","Rodney Anderson","CIN","RB101","9","95","395","307.9","69.3","355.0","-3.0"
"359","12","","Bryce Love","WAS","RB102","10","179","405","306.8","59.1","323.0","-36.0"
"360","12","","Bruce Anderson","TB","RB103","7","140","415","282.3","72.2","300.0","-60.0"
"361","12","","Dontrelle Inman","NE","WR121","10","173","408","300.4","56.8","361.0","0.0"
"362","12","","Austin Seferian-Jenkins","FA","TE43","","174","352","271.4","45.5","343.0","-19.0"
"363","12","","Laquon Treadwell","MIN","WR122","12","234","377","318.9","36.0","370.0","+7.0"
"364","12","","Blake Jarwin","DAL","TE44","8","230","415","330.1","47.5","351.0","-13.0"
"365","12","","Mark Walton","MIA","RB104","5","262","427","340.1","36.0","387.0","+22.0"
"366","12","","Jesse James","DET","TE45","5","231","386","333.8","34.6","274.0","-92.0"
"367","12","","Jordan Matthews","SF","WR123","4","241","390","305.4","48.0","",""
"368","12","","Rishard Matthews","NO","WR124","9","209","416","327.2","47.9","",""
"369","12","","Josh Gordon","FA","WR125","","96","404","273.9","99.2","205.0","-164.0"
"370","12","","Benjamin Watson","NE","TE46","10","240","371","308.5","36.1","267.0","-103.0"
"371","12","","Adam Shaheen","CHI","TE47","6","196","390","341.6","33.7","",""
"372","12","","Blake Bortles","LAR","QB37","9","245","331","302.3","22.8","",""
"373","12","","Jaron Brown","SEA","WR126","11","199","389","312.3","55.8","",""
"374","12","","Dawson Knox","BUF","TE48","6","182","384","315.6","41.8","389.0","+15.0"
"375","12","","Drew Lock","DEN","QB38","10","241","411","298.2","47.5","296.0","-79.0"
"376","12","","Josh Oliver","JAC","TE49","10","160","402","324.5","57.2","314.0","-62.0"
"377","12","","Geoff Swaim","JAC","TE50","10","193","408","337.3","36.9","331.0","-46.0"
"378","12","","Vernon Davis","WAS","TE51","10","254","407","344.6","31.5","337.0","-41.0"
"379","12","","Riley Ridley","CHI","WR127","6","175","389","327.8","37.0","327.0","-52.0"
"380","12","","LeGarrette Blount","FA","RB105","","264","404","329.1","37.9","",""
"381","12","","Tyler Higbee","LAR","TE52","9","264","393","346.4","29.5","319.0","-62.0"
"382","12","","Trayveon Williams","CIN","RB106","9","225","425","342.5","51.4","378.0","-4.0"
"383","12","","Allen Hurns","DAL","WR128","8","271","390","333.1","33.5","",""
"384","12","","Matt LaCosse","NE","TE53","10","210","388","318.5","50.5","332.0","-52.0"
"385","12","","Taysom Hill","NO","QB39","9","246","412","321.1","42.3","375.0","-10.0"
"386","12","","Jermaine Kearse","DET","WR129","5","198","396","312.5","52.7","",""
"387","12","","Kelvin Harmon","WAS","WR130","10","145","431","314.4","73.2","344.0","-43.0"
"388","12","","Hunter Renfrow","OAK","WR131","6","174","400","296.3","63.3","342.0","-46.0"
"389","12","","Cody Parkey","FA","K30","","196","332","298.9","30.6","",""
"390","12","","Teddy Bridgewater","NO","QB40","9","254","405","320.5","33.3","",""
"391","12","","Alex Collins","FA","RB107","","188","408","314.2","43.5","391.0","0.0"
"392","12","","Dez Bryant","FA","WR132","","207","365","294.4","47.6","381.0","-11.0"
"393","12","","Jakeem Grant","MIA","WR133","5","230","406","307.5","45.5","366.0","-27.0"
"394","12","","Ryan Switzer","PIT","WR134","7","133","408","335.4","43.8","380.0","-14.0"
"395","12","","Javorius Allen","NO","RB108","9","157","409","327.9","57.6","326.0","-69.0"
"396","12","","Qadree Ollison","ATL","RB109","9","196","383","318.9","43.5","338.0","-58.0"
"397","12","","Kahale Warring","HOU","TE54","10","176","378","338.5","34.4","354.0","-43.0"
"398","12","","Chris Moore","BAL","WR135","8","205","392","325.8","59.8","346.0","-52.0"
"399","12","","Jordan Scarlett","CAR","RB110","7","170","400","326.2","68.1","340.0","-59.0"
"400","12","","Kelvin Benjamin","FA","WR136","","250","364","302.3","32.3","398.0","-2.0"
"401","12","","Tyler Kroft","BUF","TE55","6","227","388","337.1","39.9","356.0","-45.0"
"402","12","","KeeSean Johnson","ARI","WR137","12","243","402","339.3","42.6","",""
"403","12","","Travis Homer","SEA","RB111","11","186","388","331.9","55.5","",""
"404","12","","Corey Coleman","NYG","WR138","11","236","428","349.8","55.9","400.0","-4.0"
"405","12","","Jarius Wright","CAR","WR139","7","254","409","336.2","34.5","382.0","-23.0"
"406","13","","Pierre Garcon","FA","WR140","","239","376","304.6","43.6","",""
"407","13","","J.J. Nelson","OAK","WR141","6","256","392","325.4","47.3","",""
"408","13","","Torrey Smith","CAR","WR142","7","265","399","341.2","40.5","",""
"409","13","","Gary Jennings","SEA","WR143","11","206","398","321.9","51.8","",""
"410","13","","Cody Latimer","NYG","WR144","11","257","394","335.8","36.8","",""
"411","13","","Josh Hill","NO","TE56","9","295","409","372.4","27.4","",""
"412","13","","Randy Bullock","CIN","K31","9","291","399","347.4","29.8","",""
"413","13","","Cincinnati (CIN)","","DST31","9","273","408","369.7","31.1","321.0","-92.0"
"414","13","","Zane Gonzalez","ARI","K32","12","310","403","342.5","27.3","278.0","-136.0"
"415","13","","Oakland (OAK)","","DST32","6","259","418","378.6","33.5","293.0","-122.0"
"416","13","","Foster Moreau","OAK","TE57","6","193","421","343.0","69.3","",""
"417","13","","Sebastian Janikowski","FA","K33","","198","325","287.6","34.0","307.0","-110.0"
"418","13","","Chad Beebe","MIN","WR145","12","248","373","330.4","38.6","",""
"419","13","","Alex Barnes","TEN","RB112","11","265","339","288.8","26.0","",""
"420","13","","Jeff Heuerman","DEN","TE58","10","298","425","371.5","39.1","345.0","-75.0"
"421","13","","Jacoby Brissett","IND","QB41","6","249","338","299.8","33.3","",""
"422","13","","Chris Ivory","FA","RB113","","276","380","327.0","31.5","",""
"423","13","","Will Grier","CAR","QB42","7","240","332","306.0","26.0","",""
"424","13","","Preston Williams","MIA","WR146","5","151","418","308.2","98.1","333.0","-91.0"
"425","13","","Andre Ellington","TB","RB114","7","199","417","372.2","58.8","384.0","-41.0"
"426","13","","Karan Higdon","HOU","RB115","10","100","359","309.8","36.2","",""
"427","13","","Emanuel Hall","CHI","WR147","6","189","382","311.2","70.8","",""
"428","13","","Tavon Austin","DAL","WR148","8","183","422","358.3","32.8","",""
"429","13","","Demetrius Harris","CLE","TE59","7","284","415","367.3","39.2","",""
"430","13","","Eddy Pineiro","CHI","K34","6","285","406","348.0","27.2","373.0","-57.0"
"431","13","","Tyrod Taylor","LAC","QB43","12","267","365","313.0","34.9","",""
"432","13","","Chad Williams","ARI","WR149","12","268","407","348.4","40.4","",""
"433","13","","Nick Mullens","SF","QB44","4","247","339","313.8","24.1","",""
"434","13","","Darren Sproles","FA","RB116","","244","371","314.0","46.6","394.0","-40.0"
"435","13","","Tajae Sharpe","TEN","WR150","11","236","387","335.7","43.6","",""
"436","13","","Robert Griffin","BAL","QB45","8","296","336","320.0","14.1","",""
"437","13","","Elijah Holyfield","CAR","RB117","7","263","384","299.5","49.8","",""
"438","13","","Seth Roberts","BAL","WR151","8","221","424","345.2","51.5","",""
"439","13","","Matt Gay","TB","K35","7","303","371","333.4","22.7","357.0","-82.0"
"440","13","","Brian Hill","ATL","RB118","9","201","426","365.3","45.7","",""
"441","13","","Darrel Williams","KC","RB119","12","225","412","375.3","35.2","",""
"442","13","","Byron Pringle","KC","WR152","12","210","374","274.7","71.3","313.0","-129.0"
"443","13","","Jason Croom","BUF","TE60","6","304","413","382.8","22.1","",""
"444","13","","James Williams","FA","RB120","","165","231","198.0","33.0","",""
"445","13","","Corey Grant","FA","RB121","","279","376","341.8","20.4","",""
"446","13","","Jordan Lasley","BAL","WR153","8","249","333","283.0","36.1","",""
"447","13","","Boston Scott","PHI","RB122","10","299","388","359.8","27.5","",""
"448","13","","Isaiah Crowell","OAK","RB123","6","136","282","209.0","73.0","",""
"449","13","","Brice Butler","MIA","WR154","5","229","403","347.0","60.8","",""
"450","13","","Mike Boone","MIN","RB124","12","293","348","328.8","21.3","",""
"451","13","","Justin Hardy","ATL","WR155","9","304","428","351.6","44.1","",""
"452","13","","Ryan Finley","CIN","QB46","9","267","331","297.0","26.3","",""
"453","13","","Jason Sanders","MIA","K36","5","323","355","353.8","1.9","",""
"454","13","","Xavier Grimble","PIT","TE61","7","238","401","354.2","59.9","",""
"455","13","","Austin Seibert","CLE","K37","7","289","372","334.3","33.4","305.0","-150.0"
"456","13","","Braxton Berrios","NE","WR156","10","244","398","335.0","64.3","",""
"457","13","","Maurice Harris","NE","WR157","10","238","432","356.6","65.6","",""
"458","13","","Scott Miller","TB","WR158","7","237","423","356.8","63.4","",""
"459","13","","Mason Rudolph","PIT","QB47","7","272","336","305.0","26.2","",""
"460","13","","Anthony Johnson","TB","WR159","7","206","282","244.0","38.0","",""
"461","13","","Bruce Ellington","FA","WR160","","277","386","359.8","15.3","",""
"462","13","","Marcell Ateman","OAK","WR161","6","302","417","372.7","33.2","372.0","-90.0"
"463","13","","Alex Erickson","CIN","WR162","9","262","411","360.8","54.7","",""
"464","13","","J.D. McKissic","SEA","RB125","11","268","421","360.8","55.3","350.0","-114.0"
"465","13","","Brandon Powell","DET","WR163","5","262","404","361.8","53.1","",""
"466","13","","Ed Dickson","SEA","TE62","11","342","413","394.9","12.3","",""
"467","13","","Lil'Jordan Humphrey","NO","WR164","9","197","307","252.0","55.0","",""
"468","13","","Benny Cunningham","JAC","RB126","10","304","424","362.6","48.4","",""
"469","13","","Isaiah McKenzie","BUF","WR165","6","269","417","375.5","32.8","",""
"470","13","","Ryan Griffin","FA","TE63","","339","401","364.4","20.3","",""
"471","13","","Austin Carr","NO","WR166","9","280","371","319.0","38.3","",""
"472","13","","Raheem Mostert","SF","RB127","4","220","411","322.7","78.6","",""
"473","13","","David Sills","BUF","WR167","6","226","311","268.5","42.5","",""
"474","13","","DaMarkus Lodge","TB","WR168","7","228","309","268.5","40.5","",""
"475","13","","DeAndre Washington","OAK","RB128","6","346","418","380.7","26.5","",""
"476","13","","Dan Arnold","NO","TE64","9","286","409","370.6","24.7","",""
"477","13","","Jalin Moore","NYJ","RB129","4","246","302","274.0","28.0","",""
"478","13","","Jordan Akins","HOU","TE65","10","358","418","383.2","17.2","",""
"479","13","","Rhett Ellison","NYG","TE66","11","290","420","373.6","44.7","",""
"480","13","","Devine Ozigbo","NO","RB130","9","276","433","358.3","66.3","358.0","-122.0"
"481","13","","Lee Smith","BUF","TE67","6","275","366","333.0","41.1","",""
"482","13","","Andre Roberts","BUF","WR169","6","257","434","374.6","65.9","",""
"483","13","","Darius Slayton","NYG","WR170","11","308","415","375.4","36.8","",""
"484","13","","Mack Hollins","PHI","WR171","10","292","432","362.5","49.7","",""
"485","13","","DeAndre Carter","HOU","WR172","10","341","410","378.2","27.1","",""
"486","13","","James O'Shaughnessy","JAC","TE68","10","372","425","388.3","18.2","",""
"487","13","","Russell Shepard","NYG","WR173","11","255","433","369.3","67.8","",""
"488","13","","Mo Alie-Cox","IND","TE69","6","303","423","398.3","16.8","",""
"489","14","","Chris Warren III","OAK","RB131","6","224","403","384.0","12.5","374.0","-115.0"
"490","14","","Richie James","SF","WR174","4","283","396","351.0","48.9","",""
"491","14","","Kevin White","ARI","WR175","12","321","370","353.3","22.9","",""
"492","14","","Stephen Anderson","NE","TE70","10","346","393","374.3","19.0","",""
"493","14","","Josh Bellamy","NYJ","WR176","4","322","423","387.2","34.4","",""
"494","14","","Drew Sample","CIN","TE71","9","293","391","356.0","44.6","",""
"495","14","","Trent Sherfield","ARI","WR177","12","264","373","318.5","54.5","",""
"496","14","","Zach Pascal","IND","WR178","6","315","401","358.0","35.1","",""
"497","14","","Jeremy Hill","FA","RB132","","335","397","363.0","25.7","390.0","-107.0"
"498","14","","Maxx Williams","ARI","TE72","12","336","380","363.0","19.3","",""
"499","14","","Garrett Celek","SF","TE73","4","329","427","393.8","33.6","",""
"500","14","","Blake Bell","KC","TE74","12","336","405","393.8","7.2","",""
"501","14","","Dwayne Allen","MIA","TE75","5","243","418","401.2","13.1","",""
"502","14","","Alfred Morris","FA","RB133","","341","404","368.7","26.3","",""
"503","14","","Nick Boyle","BAL","TE76","8","348","423","386.8","29.4","",""
"504","14","","Cody Core","CIN","WR179","9","297","380","338.5","41.5","",""
"505","14","","Virgil Green","LAC","TE77","12","315","414","405.3","8.7","",""
"506","14","","Derek Carrier","OAK","TE78","6","299","419","377.0","55.2","",""
"507","14","","Luke Stocker","ATL","TE79","9","287","413","350.0","63.0","",""
"508","14","","Jacob Hollister","SEA","TE80","11","318","413","378.7","43.0","",""
"509","14","","Trevon Wesco","NYJ","TE81","4","326","379","352.5","26.5","",""
"510","14","","Dylan Cantrell","LAC","WR180","12","236","429","404.0","16.0","",""
"511","14","","Eli Rogers","PIT","WR181","7","365","395","383.7","13.3","",""
"512","14","","Travis Fulgham","DET","WR182","5","347","380","363.5","16.5","",""
"513","14","","Jordan Leggett","TB","TE82","7","354","420","400.0","26.7","",""
"514","14","","Marcus Kemp","KC","WR183","12","373","401","389.0","11.8","",""
"515","14","","Darius Jackson","DAL","RB134","8","365","367","366.0","1.0","",""
"516","14","","Dwayne Washington","NO","RB135","9","356","432","401.5","29.0","",""
"517","14","","Seth DeValve","CLE","TE83","7","338","397","367.5","29.5","",""
"518","14","","Daurice Fountain","IND","WR184","6","354","395","374.5","20.5","",""
"519","14","","Kenjon Barner","ATL","RB136","9","329","425","377.0","48.0","",""
"520","14","","Kenneth Farrow","MIA","RB137","5","338","420","379.0","41.0","",""
"521","14","","Nick O'Leary","MIA","TE84","5","378","413","399.0","15.1","",""
"522","14","","Vyncint Smith","HOU","WR185","10","374","389","381.5","7.5","",""
"523","14","","Dalton Schultz","DAL","TE85","8","361","422","401.7","28.8","",""
"524","14","","Damion Ratley","CLE","WR186","7","344","431","387.5","43.5","",""
"525","14","","Gehrig Dieter","KC","WR187","12","381","399","390.0","9.0","",""
"526","14","","Kyle Juszczyk","SF","RB138","4","377","427","406.7","21.5","367.0","-159.0"
"527","14","","Juwann Winfree","DEN","WR188","10","388","403","395.5","7.5","",""
"528","14","","Elijhaa Penny","NYG","RB139","11","366","428","397.0","31.0","",""
"529","14","","C.J. Prosise","SEA","RB140","11","365","430","397.5","32.5","",""
"530","14","","Deontay Burnett","NYJ","WR189","4","403","404","403.5","0.5","",""
"531","14","","Russell Gage","ATL","WR190","9","394","430","414.3","15.1","",""
"532","14","","Anthony Firkser","TEN","TE86","11","403","414","408.5","5.5","",""
"533","14","","Bennie Fowler","NYG","WR191","11","410","425","417.5","7.5","",""
"534","14","","Dontrell Hilliard","CLE","RB141","7","412","426","419.0","7.0","",""
"535","14","","Zach Line","NO","RB142","9","414","430","422.0","8.0","",""
"536","14","","James Develin","NE","RB143","10","419","426","422.5","3.5","385.0","-151.0"